<?xml version="1.0" encoding="UTF-8"?>
<metadata xml:lang="en"><dataIdInfo><envirDesc>Microsoft Windows Server 2008 R2 Version 6.1 (Build 7601) Service Pack 1; Esri ArcGIS 10.3.1.4959</envirDesc><dataLang><languageCode value="eng"/><countryCode value="USA"/></dataLang><idCitation><resTitle>ALIQUOTS_A_clip</resTitle><presForm><PresFormCd value="005"/></presForm></idCitation><spatRpType><SpatRepTypCd value="001"/></spatRpType></dataIdInfo><mdLang><languageCode value="eng"/><countryCode value="USA"/></mdLang><distInfo><distFormat><formatName>File Geodatabase Feature Class</formatName></distFormat><distTranOps><transSize>0.003</transSize></distTranOps></distInfo><mdHrLv><ScopeCd value="005"/></mdHrLv><mdHrLvName>dataset</mdHrLvName><refSysInfo><RefSystem><refSysID><identCode code="32604"/><idCodeSpace>EPSG</idCodeSpace><idVersion>8.6.2</idVersion></refSysID></RefSystem></refSysInfo><spatRepInfo><VectSpatRep><geometObjs><geoObjTyp><GeoObjTypCd value="002"/></geoObjTyp><geoObjCnt>0</geoObjCnt></geometObjs><topLvl><TopoLevCd value="001"/></topLvl></VectSpatRep></spatRepInfo><spdoinfo><ptvctinf/></spdoinfo><eainfo><detailed><enttyp><enttypl>ALIQUOTS_A_clip</enttypl></enttyp><attr><attrlabl>FID</attrlabl><attrdef>Internal feature number.</attrdef><attrdefs>Esri</attrdefs><attrdomv><udom>Sequential unique whole numbers that are automatically generated.</udom></attrdomv></attr><attr><attrlabl>SHAPE</attrlabl><attrdef>Feature geometry.</attrdef><attrdefs>Esri</attrdefs><attrdomv><udom>Coordinates defining the features.</udom></attrdomv></attr><attr><attrlabl>ORIG_FID</attrlabl></attr><attr><attrlabl>Shape_Leng</attrlabl></attr><attr><attrlabl>SHAPE_Area</attrlabl><attrdef>Area of feature in internal units squared.</attrdef><attrdefs>Esri</attrdefs><attrdomv><udom>Positive real numbers that are automatically generated.</udom></attrdomv></attr><attr><attrlabl>Name</attrlabl></attr><attr><attrlabl>Area_Sq_Mi</attrlabl></attr><attr><attrlabl>Acres</attrlabl></attr><attr><attrlabl>Sq_NMI</attrlabl></attr></detailed></eainfo><mdDateSt>20160115</mdDateSt><Esri><CreaDate>20170605</CreaDate><CreaTime>15093700</CreaTime><ArcGISFormat>1.0</ArcGISFormat><SyncOnce>TRUE</SyncOnce></Esri></metadata>
