<?xml version="1.0" encoding="UTF-8"?>
<metadata xml:lang="en"><Esri><CreaDate>20150311</CreaDate><CreaTime>21452600</CreaTime><SyncOnce>TRUE</SyncOnce><DataProperties><lineage><Process Name="FeatureclassToCoverage_1" ToolSource="C:\Program Files\ArcGIS\ArcToolbox\Toolboxes\Conversion Tools.tbx\FeatureclassToCoverage" Date="20080304" Time="154645">FeatureclassToCoverage "Fishchart2008 REGION" K:\Agencies\DAR\Kimberly\Fishcatch\NewFishcatch\Fishchart2007\Fishchart2008 # DOUBLE</Process><Process ToolSource="c:\program files (x86)\arcgis\desktop10.2\ArcToolbox\Toolboxes\Data Management Tools.tbx\CalculateField" Date="20141208" Time="164438">CalculateField Fishchart2008_Project2 area_t "[AREA_ID]&amp; [AREA_A]" VB #</Process></lineage><itemProps><itemLocation><linkage Sync="TRUE">file://\\DAVE-PC\Users\Dave\Documents\ArcGIS\Default.gdb</linkage><protocol Sync="TRUE">Local Area Network</protocol></itemLocation></itemProps></DataProperties><ArcGISFormat>1.0</ArcGISFormat></Esri><idinfo><citation><citeinfo><onlink Sync="TRUE"></onlink></citeinfo></citation></idinfo><distInfo><distributor><distorTran><onLineSrc><linkage Sync="TRUE">file://</linkage><protocol Sync="TRUE">Local Area Network</protocol></onLineSrc></distorTran></distributor></distInfo><dataqual><lineage><procstep><procdesc Sync="TRUE">Dataset copied.</procdesc><srcused Sync="TRUE"></srcused><date Sync="TRUE">20080304</date><time Sync="TRUE">15503400</time></procstep></lineage></dataqual></metadata>
