<?xml version="1.0" encoding="ISO-8859-1"?>
<!DOCTYPE metadata SYSTEM "http://www.fgdc.gov/metadata/fgdc-std-001-1998.dtd">
<metadata>
	<idinfo>
		<citation>
			<citeinfo>
				<origin>Department of Commerce (DOC), National Oceanic and Atmospheric Administration (NOAA), Northwestern Hawaiian Islands Marine National Monument</origin>
				<pubdate>20060626</pubdate>
				<title>Northwestern Hawaiian Islands Marine National Monument Digital Boundary</title>
				<geoform Sync="TRUE">vector digital data</geoform>
				<pubinfo>
					<pubplace>Honolulu, Hi</pubplace>
					<publish>Northwestern Hawaiian Islands Marine National Monument</publish>
				</pubinfo>
				<othercit>GIS Dataset based on coordinates in: Presidential Proclamation 8031, June 15th 2006.  The legal boundaries for the NWHI-MNM are defined within the Federal Register / Vol. 71, No. 122 / Monday, June 26, 2006 / Presidential Documents pages 36454 - 36475.</othercit>
				<onlink>http://sanctuaries.noaa.gov/library/imast_gis.html</onlink>
				<ftname Sync="TRUE">nwhi_mnm_py</ftname></citeinfo>
		</citation>
		<descript>
			<abstract>The Northwestern Hawaiian Islands Marine National Monument (NWHI-MNM) was designated by Presidential Proclamation 8031, June 15th 2006.  The legal boundaries for the NWHI-MNM are defined within the Federal Register / Vol. 71, No. 122 / Monday, June 26, 2006 / Presidential Documents pages 36454 - 36475.  The GIS compatible digital boundary files for the NWHI-MNM are representations of those legal boundaries and are based on the best available data.</abstract>
			<purpose>The GIS compatible digital files are provided to promote an understanding of the boundaries of the NWHI-MNM.  They are based on the legal definition of the NWHI-MNM as defined in the Federal Register / Vol. 71, No. 122 / Monday, June 26, 2006 / Presidential Documents pages 36454 - 36475.  These digital files are not intended and should not be relied upon for use in navigation or legal purposes.  For legal questions relating to the digital files, please contact NWHI-MNM at the information provided in this metadata record.</purpose>
			<langdata Sync="TRUE">en</langdata></descript>
		<timeperd>
			<timeinfo>
				<sngdate>
					<caldate>20060626</caldate>
				</sngdate>
			</timeinfo>
			<current>publication date</current>
		</timeperd>
		<status>
			<progress>Complete</progress>
			<update>None planned</update>
		</status>
		<spdom>
			<bounding>
				<westbc Sync="TRUE">-179.274320</westbc>
				<eastbc Sync="TRUE">-161.017300</eastbc>
				<northbc Sync="TRUE">29.256140</northbc>
				<southbc Sync="TRUE">22.223430</southbc>
			</bounding>
			<lboundng><leftbc Sync="TRUE">-179.274320</leftbc><rightbc Sync="TRUE">-161.017300</rightbc><bottombc Sync="TRUE">22.223430</bottombc><topbc Sync="TRUE">29.256140</topbc></lboundng></spdom>
		<keywords>
			<theme>
				<themekt>None</themekt>
				<themekey>Marine Protected Areas</themekey>
				<themekey>Code of Federal Regulations</themekey>
			</theme>
			<place>
				<placekt>None</placekt>
				<placekey>Northwestern Hawaiian Islands</placekey>
				<placekey>Kure Atoll</placekey>
				<placekey>Midway Atoll</placekey>
				<placekey>Pearl and Hermes Atoll</placekey>
				<placekey>Lisianski Island</placekey>
				<placekey>Pioneer Bank</placekey>
				<placekey>Laysan Island</placekey>
				<placekey>Maro Reef</placekey>
				<placekey>Raita Bank</placekey>
				<placekey>Gardner Pinnacles</placekey>
				<placekey>W. St. Rogatien Bank</placekey>
				<placekey>St. Rogatien Bank</placekey>
				<placekey>Brooks Bank</placekey>
				<placekey>Middle Brooks Bank</placekey>
				<placekey>Baby Brooks Bank</placekey>
				<placekey>French Frigate Shoals</placekey>
				<placekey>Bank 66</placekey>
				<placekey>Necker Island</placekey>
				<placekey>Twin Banks</placekey>
				<placekey>Nihoa Island</placekey>
			</place>
			<theme><themekt>ISO 19115 Topic Category</themekt><themekey>boundaries</themekey></theme></keywords>
		<accconst>To Be Determined</accconst>
		<useconst>NOT FOR LEGAL USE.  Although these data have been processed successfully on a computer system at the National Oceanic and Atmospheric Administration (NOAA), no warranty expressed or implied is made regarding the accuracy or utility of the data on any other system or for general or scientific purposes, nor shall the act of distribution constitute  any such warranty. This disclaimer applies both to individual use of the data and aggregate use with other data. These data are NOT for navigational use.  It is strongly recommended that these data are directly acquired from NOAA / Northwestern Hawaiian Islands Marine National Monument; and not indirectly through other sources which may have changed the data in some way.  It is also strongly recommended that careful attention be paid to the contents of the metadata file associated with these data. NOAA shall not be held liable for improper or incorrect use of the data described and/or contained herein.</useconst>
		<ptcontac>
			<cntinfo>
				<cntorgp>
					<cntorg>Northwestern Hawaiian Islands Marine National Monument</cntorg>
					<cntper>GIS Specialist</cntper>
				</cntorgp>
				<cntpos>GIS Specialist</cntpos>
				<cntaddr>
					<addrtype>mailing and physical address</addrtype>
					<address>6600 Kalaniana'ole Hwy.</address>
					<city>Honolulu</city>
					<state>HI</state>
					<postal>96825</postal>
				</cntaddr>
				<cntvoice>808-397-2660</cntvoice>
				<cntfax>808-397-2662</cntfax>
				<hours>9:00 AM to 4:00 PM Hawaii Time Monday - Friday</hours>
			</cntinfo>
		</ptcontac>
		<native Sync="TRUE">Microsoft Windows XP Version 5.1 (Build 2600) Service Pack 2; ESRI ArcCatalog 9.1.0.780</native>
		<natvform Sync="TRUE">Shapefile</natvform></idinfo>
	<dataqual>
		<attracc>
			<attraccr>The attributes in this dataset are believed to be accurate</attraccr>
		</attracc>
		<logic>The data was topologically cleaned</logic>
		<complete>Where possible, the entire outer boundary  for the Marine National Monument is represented by this digital file.</complete>
		<posacc>
			<horizpa>
				<horizpar>The accuracy of this dataset is based on source data</horizpar>
			</horizpa>
			<vertacc>
				<vertaccr>none</vertaccr>
			</vertacc>
		</posacc>
		<lineage>
			<srcinfo>
				<srccite>
					<citeinfo>
						<origin>Code of Federal Regulations</origin>
						<pubdate>20060626</pubdate>
						<pubtime>Unknown</pubtime>
						<title>Federal Register / Vol. 71, No. 122/ Monday, June 26 2006 / Presidential Documents</title>
						<edition>Vol. 71, No 122</edition>
						<othercit>pages 36454 - 36475</othercit>
					</citeinfo>
				</srccite>
				<typesrc>paper</typesrc><srccitea>Code of Federal Regulations</srccitea><srctime><srccurr>publication date</srccurr></srctime><srccontr>148 individual Latitude and Longitude coordinates from the Code of Federal Regulations Vol. 71, No 122, 06/26/2006, pages 36454-36457 describing the outer boundary coordinates for the Northwestern Hawaiian Islands Marine National Monument were copied to a text file and imported into a GIS program. The points were then used to create the outer boundary polygon.  See "Process Step" section.</srccontr></srcinfo>
			<procstep>
				<procdesc>The geographic boundary coordinates listed within the Federal Register / Vol. 71, No. 122 / Monday, June 26, 2006 / Presidential Documents pages 36454 - 36475 were converted to a text file.  A point file was generated using ArcGIS (Arc/Info).  The points were connected to create a polygon of the outer boundary of the Marine National Monument.  For additional information please contact the NWHI-MNM GIS specialist.</procdesc>
				<srcused>http://sanctuaries.noaa.gov/library/imast_gis.html</srcused>
				<proccont>
					<cntinfo>
						<cntorgp>
							<cntorg>Northwestern Hawaiian Island Marine National Monument</cntorg>
							<cntper>GIS Specialist</cntper>
						</cntorgp>
						<cntpos>GIS Specialist</cntpos>
						<cntaddr>
							<addrtype>mailing and physical address</addrtype>
							<address>6600 Kalaniana'ole Hwy. Suite 300</address>
							<city>Honolulu</city>
							<state>HI</state>
							<postal>96825</postal>
							<country>USA</country>
						</cntaddr>
						<cntvoice>808-397-2660</cntvoice>
						<cntfax>808-397-2662</cntfax>
					</cntinfo>
				</proccont>
				<procdate>20060626</procdate></procstep>
			<procstep><procdesc Sync="TRUE">Dataset copied.</procdesc><srcused Sync="TRUE">U:\GIS\GIS_projects\NMS_NWHI\DEIS\AlternativeMaps\alternatives20060510\Outgoing\nwhi_mnm_bnd20060708\nwhi_mnm_bnd_gcs_nad83</srcused><date Sync="TRUE">20060712</date><time Sync="TRUE">08283100</time></procstep><procstep><procdesc Sync="TRUE">Dataset copied.</procdesc><srcused Sync="TRUE">H:\NMSPIMSbuild\nmspboundaries\nwhimnm\nwhi_mnm_bnd_gcs_nad83</srcused><date Sync="TRUE">20060911</date><time Sync="TRUE">11153500</time></procstep></lineage>
	</dataqual>
	<spdoinfo>
		<direct Sync="TRUE">Vector</direct>
		<ptvctinf>
			<sdtsterm Name="nwhi_mnm_py">
				<sdtstype Sync="TRUE">G-polygon</sdtstype>
				<ptvctcnt Sync="TRUE">1</ptvctcnt>
			</sdtsterm>
			<esriterm Name="nwhi_mnm_py"><efeatyp Sync="TRUE">Simple</efeatyp><efeageom Sync="TRUE">Polygon</efeageom><esritopo Sync="TRUE">FALSE</esritopo><efeacnt Sync="TRUE">1</efeacnt><spindex Sync="TRUE">FALSE</spindex><linrefer Sync="TRUE">FALSE</linrefer></esriterm></ptvctinf>
	</spdoinfo>
	<spref>
		<horizsys>
			<geograph>
				<latres>0.000001</latres>
				<longres>0.000001</longres>
				<geogunit Sync="TRUE">Decimal degrees</geogunit>
			</geograph>
			<geodetic>
				<horizdn Sync="TRUE">North American Datum of 1983</horizdn>
				<ellips Sync="TRUE">Geodetic Reference System 80</ellips>
				<semiaxis Sync="TRUE">6378137.000000</semiaxis>
				<denflat Sync="TRUE">298.257222</denflat>
			</geodetic>
			<cordsysn><geogcsn Sync="TRUE">GCS_North_American_1983</geogcsn></cordsysn></horizsys>
		<vertdef>
			<altsys>
				<altres>0.000010</altres>
				<altenc>Explicit elevation coordinate included with horizontal coordinates</altenc>
			</altsys>
		</vertdef>
	</spref>
	<eainfo>
		<detailed Name="nwhi_mnm_py">
			<enttyp>
				<enttypl Sync="TRUE">nwhi_mnm_py</enttypl>
				<enttypt Sync="TRUE">Feature Class</enttypt><enttypc Sync="TRUE">1</enttypc><enttypd>Shape Attribute Table</enttypd><enttypds>None</enttypds></enttyp>
			<attr>
				<attrlabl>Shape_Area</attrlabl>
				<attrdef>Area of feature in internal units squared.</attrdef>
				<attrdefs>ESRI</attrdefs>
				<attrdomv>
					<udom>Positive real numbers that are automatically generated.</udom>
				</attrdomv>
			</attr>
			<attr>
				<attrlabl>Shape</attrlabl>
				<attrdef>Feature geometry.</attrdef>
				<attrdefs>ESRI</attrdefs>
				<attrdomv>
					<udom>Coordinates defining the features.</udom>
				</attrdomv>
			</attr>
			<attr><attrlabl Sync="TRUE">FID</attrlabl><attalias Sync="TRUE">FID</attalias><attrtype Sync="TRUE">Float</attrtype><attwidth Sync="TRUE">19</attwidth><attrdef Sync="TRUE">Internal feature number.</attrdef><attrdefs Sync="TRUE">ESRI</attrdefs><attrdomv><udom Sync="TRUE">Sequential unique whole numbers that are automatically generated.</udom></attrdomv><atnumdec Sync="TRUE">11</atnumdec></attr><attr><attrlabl Sync="TRUE">Shape_Leng</attrlabl><attalias Sync="TRUE">Shape_Leng</attalias><attrtype Sync="TRUE">Float</attrtype><attwidth Sync="TRUE">19</attwidth><atnumdec Sync="TRUE">11</atnumdec><attrdef>Perimeter</attrdef><attrdefs>ESRI</attrdefs></attr><attr><attrlabl Sync="TRUE">Perim_mi</attrlabl><attalias Sync="TRUE">Perim_mi</attalias><attrtype Sync="TRUE">Float</attrtype><attwidth Sync="TRUE">19</attwidth><atnumdec Sync="TRUE">11</atnumdec><attrdef>Polygon Perimeter Length in Statute Miles</attrdef><attrdefs>none</attrdefs></attr><attr><attrlabl Sync="TRUE">Area_mi</attrlabl><attalias Sync="TRUE">Area_mi</attalias><attrtype Sync="TRUE">Float</attrtype><attwidth Sync="TRUE">19</attwidth><atnumdec Sync="TRUE">11</atnumdec><attrdef>Inside Area of Polygon in square statute miles</attrdef><attrdefs>none</attrdefs></attr><attr><attrlabl Sync="TRUE">Acres</attrlabl><attalias Sync="TRUE">Acres</attalias><attrtype Sync="TRUE">Float</attrtype><attwidth Sync="TRUE">19</attwidth><atnumdec Sync="TRUE">11</atnumdec><attrdef>Inside Area of Polygon in acres</attrdef><attrdefs>none</attrdefs></attr><attr><attrlabl Sync="TRUE">Hectares</attrlabl><attalias Sync="TRUE">Hectares</attalias><attrtype Sync="TRUE">Float</attrtype><attwidth Sync="TRUE">19</attwidth><atnumdec Sync="TRUE">11</atnumdec><attrdef>Inside Area of Polygon in hectares</attrdef><attrdefs>none</attrdefs></attr></detailed>
	</eainfo>
	<distinfo>
		<distrib>
			<cntinfo>
				<cntorgp>
					<cntorg>Northwestern Hawaiian Islands Marine National Monument</cntorg>
					<cntper>GIS Specialist</cntper>
				</cntorgp>
				<cntpos>GIS Specialist</cntpos>
				<cntaddr>
					<addrtype>mailing and physical address</addrtype>
					<address>6600 Kalaniana'ole Hwy. Suite 300</address>
					<city>Honoulu</city>
					<state>HI</state>
					<postal>96825</postal>
				</cntaddr>
				<cntvoice>808-397-2660</cntvoice>
				<cntfax>808-397-2662</cntfax>
				<hours>9:00 AM - 4:00 PM Hawaii Time, Monday - Friday</hours>
			</cntinfo>
		</distrib>
		<resdesc>Downloadable Data</resdesc>
		<stdorder><digform><digtinfo><transize Sync="TRUE">0.002</transize><dssize Sync="TRUE">0.002</dssize><formname>ESRI Shapefile</formname><formvern>ArcGIS9.1</formvern></digtinfo><digtopt><onlinopt><computer><networka><networkr>http://sanctuaries.noaa.gov/library/imast_gis.html</networkr></networka></computer></onlinopt></digtopt></digform><fees>none</fees></stdorder><distliab>Users must assume responsibility to determine the appropriate use of these data. These boundaries are not to be used as LEGAL definitions. The boundaries are created with the most recent and accurate boundary information available, but the edges and/or borders of the boundaries may change due to the natural land changes, site boundary modification or higher resolution maps. Therefore, the currency or accuracy of these boundaries cannot be guaranteed.</distliab><custom>Northwestern Hawaiian Islands Marine National Monument Digital Boundary file is available for public consumption from the Northwestern Hawaiian Islands Marine National Monument through their internet site.  Because URL addresses and pages change, the actual data URL is not listed here, but will be searchable within the site (http://www.hawaiireef.noaa.gov).  Requests may also be made through the NWHI GIS Specialist, see contact information for details.</custom></distinfo>
	<metainfo>
		<metd Sync="TRUE">20060919</metd>
		<metc>
			<cntinfo>
				<cntorgp>
					<cntorg>Northwestern Hawaiian Islands Marine National Monument</cntorg>
					<cntper>GIS Specialist</cntper>
				</cntorgp>
				<cntpos>GIS Specialist</cntpos>
				<cntaddr>
					<addrtype>mailing and physical address</addrtype>
					<address>6600 Kalaniana'ole Hwy. Suite 300</address>
					<city>Honolulu</city>
					<state>HI</state>
					<postal>96825</postal>
					<country>USA</country>
				</cntaddr>
				<cntvoice>808-397-2660</cntvoice>
				<cntfax>808-397-2662</cntfax>
			</cntinfo>
		</metc>
		<metstdn Sync="TRUE">FGDC Content Standards for Digital Geospatial Metadata</metstdn>
		<metstdv Sync="TRUE">FGDC-STD-001-1998</metstdv>
		<mettc Sync="TRUE">local time</mettc>
		<metextns>
			<onlink>http://www.esri.com/metadata/esriprof80.html</onlink>
			<metprof>ESRI Metadata Profile</metprof>
		</metextns>
		<metextns>
			<onlink>http://www.esri.com/metadata/esriprof80.html</onlink>
			<metprof>ESRI Metadata Profile</metprof>
		</metextns>
		<langmeta Sync="TRUE">en</langmeta><metextns><onlink Sync="TRUE">http://www.esri.com/metadata/esriprof80.html</onlink><metprof Sync="TRUE">ESRI Metadata Profile</metprof></metextns></metainfo>
	<Esri><CreaDate>20060911</CreaDate><CreaTime>11153500</CreaTime><SyncOnce>FALSE</SyncOnce><SyncDate>20060919</SyncDate><SyncTime>14320300</SyncTime><ModDate>20060919</ModDate><ModTime>14550200</ModTime><MetaID>{B8B483D7-9275-4B8C-9F48-F73365C919F1}</MetaID></Esri><dataIdInfo><envirDesc Sync="TRUE">Microsoft Windows XP Version 5.1 (Build 2600) Service Pack 2; ESRI ArcCatalog 9.1.0.780</envirDesc><dataLang><languageCode Sync="TRUE" value="en"></languageCode></dataLang><idCitation><resTitle Sync="TRUE">nwhi_mnm_py</resTitle><presForm><PresFormCd Sync="TRUE" value="005"></PresFormCd></presForm></idCitation><spatRpType><SpatRepTypCd Sync="TRUE" value="001"></SpatRepTypCd></spatRpType><dataExt><geoEle><GeoBndBox esriExtentType="native"><westBL Sync="TRUE">-179.27432</westBL><eastBL Sync="TRUE">-161.0173</eastBL><northBL Sync="TRUE">29.25614</northBL><southBL Sync="TRUE">22.22343</southBL><exTypeCode Sync="TRUE">1</exTypeCode></GeoBndBox></geoEle></dataExt><geoBox esriExtentType="decdegrees"><westBL Sync="TRUE">-179.27432</westBL><eastBL Sync="TRUE">-161.0173</eastBL><northBL Sync="TRUE">29.25614</northBL><southBL Sync="TRUE">22.22343</southBL><exTypeCode Sync="TRUE">1</exTypeCode></geoBox></dataIdInfo><mdLang><languageCode Sync="TRUE" value="en"></languageCode></mdLang><mdStanName Sync="TRUE">ISO 19115 Geographic Information - Metadata</mdStanName><mdStanVer Sync="TRUE">DIS_ESRI1.0</mdStanVer><mdChar><CharSetCd Sync="TRUE" value="004"></CharSetCd></mdChar><mdHrLv><ScopeCd Sync="TRUE" value="005"></ScopeCd></mdHrLv><mdHrLvName Sync="TRUE">dataset</mdHrLvName><distInfo><distributor><distorTran><onLineSrc><orDesc Sync="TRUE">002</orDesc><linkage Sync="TRUE">file://\\AAMB-S-clust01\NMS-Users\CHRISTINE.TAYLOR\NMSPIMSbuild\nmspboundaries\NMSP PY Distribute 1_27_06\nwhi_mnm_py.shp</linkage><protocol Sync="TRUE">Local Area Network</protocol></onLineSrc><transSize Sync="TRUE">0.002</transSize></distorTran><distorFormat><formatName Sync="TRUE">Shapefile</formatName></distorFormat></distributor></distInfo><refSysInfo><RefSystem><refSysID><identCode Sync="TRUE">GCS_North_American_1983</identCode></refSysID></RefSystem></refSysInfo><spatRepInfo><VectSpatRep><topLvl><TopoLevCd Sync="TRUE" value="001"></TopoLevCd></topLvl><geometObjs Name="nwhi_mnm_py"><geoObjTyp><GeoObjTypCd Sync="TRUE" value="001"></GeoObjTypCd></geoObjTyp><geoObjCnt Sync="TRUE">1</geoObjCnt></geometObjs></VectSpatRep></spatRepInfo><mdDateSt Sync="TRUE">20060919</mdDateSt></metadata>
