<?xml version="1.0" encoding="UTF-8"?>
<metadata>
	<idinfo>
		<citation>
			<citeinfo>
				<origin>Commander of the Pacific Fleet,</origin>
				<origin>Center for Environmental Management of Military Lands (CEMML) (PTA areas)</origin>
				<origin>KAYA</origin>
				<pubdate>Unknown</pubdate>
				<title>training_area</title>
				<geoform Sync="TRUE">vector digital data</geoform>
				<onlink Sync="TRUE"></onlink>
				<ftname Sync="TRUE">Training Area</ftname></citeinfo>
		</citation>
		<descript>
			<abstract>Dataset contains the following: Kahului shallow water training range (SWTR), Kauai test facility (KTF), PTA exercise area, PTA training areas, Portable Undersea Tracking Range (PUTR), Sonar modeling areas, Kauai SWTR and the SWTR minefield training area.</abstract>
			<purpose>The purpose of this data is to assist in the development of the Hawaii Range Complex EIS/OEIS</purpose>
			<supplinf>PTA metadata:
To provide the 25th Infantry Division (L) and U.S. Army Garrison, Hawaii with a spatial data set reflecting the information described in the recently completed Integrated Natural Resource Management Plan. The data set reflects features on the islands of Oahu and Hawaii. Specifically, the INRMP was prepared for Pohakuloa Training Area on the island of Hawaii, and for Makua Military Reservation, Kawailoa Training Area, Kahuku Training Area, Dillingham Military Reservation and Schofield Barracks Military Reservation on the island of Oahu.

The Portable Undersea Tracking Range area proposed to support ASW training and provide submarine training in areas where the ocean depth is between 300 ft and 12,000 ft and at least 3 nautical miles from land.</supplinf>
			<langdata Sync="TRUE">en</langdata></descript>
		<timeperd>
			<timeinfo>
				<sngdate>
					<caldate>unknown</caldate>
				</sngdate>
			</timeinfo>
			<current>publication date</current>
		</timeperd>
		<status>
			<progress>Complete</progress>
			<update>As needed</update>
		</status>
		<spdom>
			<bounding>
				<westbc Sync="TRUE">-174.893730</westbc>
				<eastbc Sync="TRUE">-146.030480</eastbc>
				<northbc Sync="TRUE">33.974050</northbc>
				<southbc Sync="TRUE">10.037350</southbc>
			</bounding>
			<lboundng><leftbc Sync="TRUE">-174.893730</leftbc><rightbc Sync="TRUE">-146.030480</rightbc><bottombc Sync="TRUE">10.037350</bottombc><topbc Sync="TRUE">33.974050</topbc></lboundng></spdom>
		<keywords>
			<theme>
				<themekey>RIMPAC</themekey>
				<themekey>Sonar</themekey>
				<themekey>Modeling</themekey>
				<themekey>Area</themekey>
				<themekey>Hawaii</themekey>
				<themekt>REQUIRED: Reference to a formally registered thesaurus or a similar authoritative source of theme keywords.</themekt></theme>
		</keywords>
		<accconst>As directed by program leads.</accconst>
		<useconst>As directed by program leads.</useconst>
		<ptcontac>
			<cntinfo>
				<cntorgp>
					<cntorg>KAYA Associates, Inc.</cntorg>
					<cntper>Will Sims</cntper>
				</cntorgp>
				<cntpos>Managing Senior, Information Technology</cntpos>
				<cntaddr>
					<addrtype>mailing and physical address</addrtype>
					<address>101 Quality Circle, Suite 120</address>
					<city>Huntsville</city>
					<state>AL</state>
					<postal>35806</postal>
					<country>USA</country>
				</cntaddr>
				<cntvoice>256-382-8084</cntvoice>
				<cntfax>256-382-8089</cntfax>
				<cntemail>SimsW@kayacorp.com</cntemail>
				<hours>8am - 5pm CST</hours>
			</cntinfo>
		</ptcontac>
		<native Sync="TRUE">Microsoft Windows 2000 Version 5.2 (Build 3790) Service Pack 2; ESRI ArcCatalog 9.3.1.3000</native>
		<natvform Sync="TRUE">ArcIMS Feature Class</natvform></idinfo>
	<dataqual>
		<lineage>
			<procstep>
				<procdesc>(Sonar areas) Modified Sonar Analysis Areas developed for the 2006 Rim of the Pacific (RIMPAC) exercises.  Data was obtained from the Commander of the Pacific Fleet in August of 2005.  Coordinates were based on past and future RIMPAC operations.  Data was modified by extending Zone 2 into Zone 1.</procdesc>
				<srcused>Server=sql; Service=5153; Database=pmrf; User=sde; Version=sde.DEFAULT</srcused>
			</procstep>
			<procstep>
				<procdesc>Dataset copied.</procdesc>
				<srcused>Service=sde:sqlserver:kayagis; Database=pmrf; Version=sde.DEFAULT</srcused>
			</procstep>
			<procstep>
				<procdesc>Dataset copied.</procdesc>
				<srcused>Service=sde:sqlserver:kayagis; Database=pmrf2; User=sde; Version=sde.DEFAULT</srcused>
			</procstep>
			<procstep>
				<procdesc>Dataset copied.</procdesc>
				<srcused>Service=sde:sqlserver:kayagis; Database=pmrf; User=sde; Version=sde.DEFAULT</srcused>
				<procdate>20100423</procdate>
				<proctime>10313200</proctime>
			</procstep>
			<procstep>
				<procdesc>Dataset copied.</procdesc>
				<srcused>\\DURKIN-M90\G$\ESRI\EIS_Hawaii\Data\HRC_GIS_Layers (KAYA)\HRC_GIS_Layers.gdb</srcused>
				<procdate>20100721</procdate>
				<proctime>14542300</proctime>
			</procstep>
			<procstep>
				<procdesc>Dataset copied.</procdesc>
				<srcused>\\DURKIN-M90\G$\ESRI\EIS_Hawaii\Data\HRC_GIS_Layers (KAYA)\New File Geodatabase.gdb</srcused>
				<procdate>20100722</procdate>
				<proctime>10345200</proctime>
			</procstep>
			<procstep>
				<procdesc>(SWTR minefield): The shallow water training range off of Maui as they are described in the 1993 Hawaii Shallow Water Training Range (SWTR) EA.</procdesc>
			</procstep>
			<procstep>
				<procdesc>Dataset copied.</procdesc>
				<srcused>\\Wg-solana-dc01\Public\ESRI\EIS_Hawaii\Data\_archive\Hawaii_DB.gdb</srcused>
				<procdate>20101129</procdate>
				<proctime>12002400</proctime>
			</procstep>
			<procstep><procdesc Sync="TRUE">Metadata imported.</procdesc><srcused Sync="TRUE">\\eims.local\profiles\jason.t.hansel.ctr\My Documents\EIS\Hawaii\military_operations\training_area.xml</srcused><procdate Sync="TRUE">20110222</procdate><proctime Sync="TRUE">12145900</proctime></procstep><procstep><procdesc Sync="TRUE">Dataset copied.</procdesc><srcused Sync="TRUE"></srcused><procdate Sync="TRUE">20120703</procdate><proctime Sync="TRUE">15030800</proctime></procstep></lineage>
	</dataqual>
	<spdoinfo>
		<direct Sync="TRUE">Vector</direct>
		<ptvctinf><esriterm Name="PMRF_Dissolve"><efeatyp Sync="TRUE">Simple</efeatyp><efeageom code="4" Sync="TRUE"></efeageom><esritopo Sync="TRUE">FALSE</esritopo><efeacnt Sync="TRUE">0</efeacnt><spindex Sync="TRUE">TRUE</spindex><linrefer Sync="TRUE">FALSE</linrefer></esriterm></ptvctinf></spdoinfo>
	<spref>
		<horizsys>
			<geograph>
				<latres Sync="TRUE">0.000000</latres>
				<longres Sync="TRUE">0.000000</longres>
				<geogunit Sync="TRUE">Decimal degrees</geogunit>
			</geograph>
			<geodetic>
				<horizdn Sync="TRUE">North American Datum of 1927</horizdn>
				<ellips Sync="TRUE">Clarke 1866</ellips>
				<semiaxis Sync="TRUE">6378206.400000</semiaxis>
				<denflat Sync="TRUE">294.978698</denflat>
			</geodetic>
			<cordsysn><geogcsn Sync="TRUE">GCS_Assumed_Geographic_1</geogcsn></cordsysn></horizsys>
		<vertdef>
			<altsys>
				<altres>0.000010</altres>
				<altenc>Explicit elevation coordinate included with horizontal coordinates</altenc>
			</altsys>
		</vertdef>
	</spref>
	<eainfo>
		<detailed Name="PMRF_Dissolve">
			<enttyp>
				<enttypl Sync="TRUE">PMRF_Dissolve</enttypl>
				<enttypt Sync="TRUE">Feature Class</enttypt><enttypc Sync="TRUE">0</enttypc></enttyp>
			<attr><attrlabl Sync="TRUE">OBJECTID</attrlabl><attalias Sync="TRUE">OBJECTID</attalias><attrtype Sync="TRUE">OID</attrtype><attwidth Sync="TRUE">4</attwidth><atprecis Sync="TRUE">0</atprecis><attscale Sync="TRUE">0</attscale><attrdef Sync="TRUE">Internal feature number.</attrdef><attrdefs Sync="TRUE">Esri</attrdefs><attrdomv><udom Sync="TRUE">Sequential unique whole numbers that are automatically generated.</udom></attrdomv></attr><attr><attrlabl Sync="TRUE">Shape</attrlabl><attalias Sync="TRUE">Shape</attalias><attrtype Sync="TRUE">Geometry</attrtype><attwidth Sync="TRUE">0</attwidth><atprecis Sync="TRUE">0</atprecis><attscale Sync="TRUE">0</attscale><attrdef Sync="TRUE">Feature geometry.</attrdef><attrdefs Sync="TRUE">Esri</attrdefs><attrdomv><udom Sync="TRUE">Coordinates defining the features.</udom></attrdomv></attr><attr><attrlabl Sync="TRUE">SDE_HI_T_1</attrlabl><attalias Sync="TRUE">SDE_HI_T_1</attalias><attrtype Sync="TRUE">Integer</attrtype><attwidth Sync="TRUE">4</attwidth><atprecis Sync="TRUE">0</atprecis><attscale Sync="TRUE">0</attscale></attr><attr><attrlabl Sync="TRUE">Shape_Length</attrlabl><attalias Sync="TRUE">Shape_Length</attalias><attrtype Sync="TRUE">Double</attrtype><attwidth Sync="TRUE">8</attwidth><atprecis Sync="TRUE">0</atprecis><attscale Sync="TRUE">0</attscale><attrdef Sync="TRUE">Length of feature in internal units.</attrdef><attrdefs Sync="TRUE">Esri</attrdefs><attrdomv><udom Sync="TRUE">Positive real numbers that are automatically generated.</udom></attrdomv></attr><attr><attrlabl Sync="TRUE">Shape_Area</attrlabl><attalias Sync="TRUE">Shape_Area</attalias><attrtype Sync="TRUE">Double</attrtype><attwidth Sync="TRUE">8</attwidth><atprecis Sync="TRUE">0</atprecis><attscale Sync="TRUE">0</attscale><attrdef Sync="TRUE">Area of feature in internal units squared.</attrdef><attrdefs Sync="TRUE">Esri</attrdefs><attrdomv><udom Sync="TRUE">Positive real numbers that are automatically generated.</udom></attrdomv></attr></detailed>
	</eainfo>
	<distinfo>
		<resdesc>Downloadable Data</resdesc>
	</distinfo>
	<metainfo>
		<metd Sync="TRUE">20110222</metd>
		<metc>
			<cntinfo>
				<cntorgp>
					<cntorg>ManTech International</cntorg>
					<cntper>ISGS Director</cntper>
				</cntorgp>
				<cntaddr>
					<addrtype>mailing and physical address</addrtype>
					<city>REQUIRED: The city of the address.</city><state>REQUIRED: The state or province of the address.</state><postal>REQUIRED: The ZIP or other postal code of the address.</postal></cntaddr>
				<cntemail>gis@wg.srs.com</cntemail>
				<cntvoice>REQUIRED: The telephone number by which individuals can speak to the organization or individual.</cntvoice></cntinfo>
		</metc>
		<metstdn Sync="TRUE">FGDC Content Standards for Digital Geospatial Metadata</metstdn>
		<metstdv Sync="TRUE">FGDC-STD-001-1998</metstdv>
		<mettc Sync="TRUE">local time</mettc>
		<metextns>
			<onlink>http://www.esri.com/metadata/esriprof80.html</onlink>
			<metprof>ESRI Metadata Profile</metprof>
		</metextns>
		<langmeta Sync="TRUE">en</langmeta></metainfo>
	<Esri><CreaDate>20150311</CreaDate><CreaTime>21502000</CreaTime><SyncOnce>FALSE</SyncOnce><Server Sync="TRUE">http://geospatial01</Server><Service Sync="TRUE">TAP_EIS_Hawaii_Military_Operations</Service><ServiceType Sync="TRUE">feature</ServiceType><ServiceFCType Sync="TRUE">polygon</ServiceFCType><ServiceFCName Sync="TRUE">Training Area</ServiceFCName><SyncDate>20150311</SyncDate><SyncTime>18220600</SyncTime><ModDate>20150311</ModDate><ModTime>18220600</ModTime><DataProperties><itemProps><itemName Sync="TRUE">PMRF_Dissolve</itemName><imsContentType Sync="TRUE">002</imsContentType><itemLocation><linkage Sync="TRUE">file://\\DAVE-PC\Users\Dave\Documents\ArcGIS\Default.gdb</linkage><protocol Sync="TRUE">Local Area Network</protocol></itemLocation></itemProps><coordRef><type Sync="TRUE">Geographic</type><geogcsn Sync="TRUE">GCS_Assumed_Geographic_1</geogcsn><csUnits Sync="TRUE">Angular Unit: Degree (0.017453)</csUnits><peXml Sync="TRUE">&lt;GeographicCoordinateSystem xsi:type='typens:GeographicCoordinateSystem' xmlns:xsi='http://www.w3.org/2001/XMLSchema-instance' xmlns:xs='http://www.w3.org/2001/XMLSchema' xmlns:typens='http://www.esri.com/schemas/ArcGIS/10.1'&gt;&lt;WKT&gt;GEOGCS[&amp;quot;GCS_Assumed_Geographic_1&amp;quot;,DATUM[&amp;quot;D_North_American_1927&amp;quot;,SPHEROID[&amp;quot;Clarke_1866&amp;quot;,6378206.4,294.9786982]],PRIMEM[&amp;quot;Greenwich&amp;quot;,0.0],UNIT[&amp;quot;Degree&amp;quot;,0.0174532925199433],AUTHORITY[&amp;quot;ESRI&amp;quot;,104000]]&lt;/WKT&gt;&lt;XOrigin&gt;-400&lt;/XOrigin&gt;&lt;YOrigin&gt;-400&lt;/YOrigin&gt;&lt;XYScale&gt;1111948722.2222221&lt;/XYScale&gt;&lt;ZOrigin&gt;-100000&lt;/ZOrigin&gt;&lt;ZScale&gt;10000&lt;/ZScale&gt;&lt;MOrigin&gt;-100000&lt;/MOrigin&gt;&lt;MScale&gt;10000&lt;/MScale&gt;&lt;XYTolerance&gt;8.9830550972891565e-009&lt;/XYTolerance&gt;&lt;ZTolerance&gt;0.001&lt;/ZTolerance&gt;&lt;MTolerance&gt;0.001&lt;/MTolerance&gt;&lt;HighPrecision&gt;true&lt;/HighPrecision&gt;&lt;LeftLongitude&gt;-180&lt;/LeftLongitude&gt;&lt;WKID&gt;104000&lt;/WKID&gt;&lt;LatestWKID&gt;104000&lt;/LatestWKID&gt;&lt;/GeographicCoordinateSystem&gt;</peXml></coordRef></DataProperties><ArcGISFormat>1.0</ArcGISFormat></Esri><dataIdInfo><envirDesc Sync="TRUE">Microsoft Windows 7 Version 6.1 (Build 7601) Service Pack 1; Esri ArcGIS 10.2.0.3348</envirDesc><dataLang><languageCode Sync="TRUE" value="eng"></languageCode><countryCode value="USA" Sync="TRUE"></countryCode></dataLang><idCitation><resTitle Sync="TRUE">PMRF_Dissolve</resTitle><presForm><PresFormCd Sync="TRUE" value="005"></PresFormCd></presForm></idCitation><spatRpType><SpatRepTypCd Sync="TRUE" value="001"></SpatRepTypCd></spatRpType><dataExt><geoEle><GeoBndBox esriExtentType="native"><westBL Sync="TRUE">-174.89373</westBL><eastBL Sync="TRUE">-146.03048</eastBL><northBL Sync="TRUE">33.97405</northBL><southBL Sync="TRUE">10.03735</southBL><exTypeCode Sync="TRUE">1</exTypeCode></GeoBndBox></geoEle></dataExt><geoBox esriExtentType="decdegrees"><westBL Sync="TRUE">-174.89373</westBL><eastBL Sync="TRUE">-146.03048</eastBL><northBL Sync="TRUE">33.97405</northBL><southBL Sync="TRUE">10.03735</southBL><exTypeCode Sync="TRUE">1</exTypeCode></geoBox></dataIdInfo><mdLang><languageCode Sync="TRUE" value="eng"></languageCode><countryCode value="USA" Sync="TRUE"></countryCode></mdLang><mdStanName Sync="TRUE">ISO 19115 Geographic Information - Metadata</mdStanName><mdStanVer Sync="TRUE">DIS_ESRI1.0</mdStanVer><mdChar><CharSetCd Sync="TRUE" value="004"></CharSetCd></mdChar><mdHrLv><ScopeCd Sync="TRUE" value="005"></ScopeCd></mdHrLv><mdHrLvName Sync="TRUE">dataset</mdHrLvName><distInfo><distributor><distorTran><onLineSrc><linkage Sync="TRUE">file://</linkage><protocol Sync="TRUE">Local Area Network</protocol><orDesc Sync="TRUE">001</orDesc></onLineSrc></distorTran><distorFormat><formatName Sync="TRUE">ArcIMS Feature Class</formatName></distorFormat></distributor><distFormat><formatName Sync="TRUE">File Geodatabase Feature Class</formatName></distFormat></distInfo><refSysInfo><RefSystem><refSysID><identCode Sync="TRUE" code="104000">GCS_Assumed_Geographic_1</identCode><idCodeSpace Sync="TRUE">ESRI</idCodeSpace><idVersion Sync="TRUE">10.2.0</idVersion></refSysID></RefSystem></refSysInfo><spatRepInfo><VectSpatRep><geometObjs Name="PMRF_Dissolve"><geoObjTyp><GeoObjTypCd value="002" Sync="TRUE"></GeoObjTypCd></geoObjTyp><geoObjCnt Sync="TRUE">0</geoObjCnt></geometObjs><topLvl><TopoLevCd value="001" Sync="TRUE"></TopoLevCd></topLvl></VectSpatRep></spatRepInfo><mdDateSt Sync="TRUE">20150311</mdDateSt></metadata>
